Workbook

Sheet Leia-me
A1: Medição de impacto: Agente JIRA
A3: Como ler esta planilha
A4: Células amarelas com texto azul | B4: são as que você preenche. Todo o resto é fórmula: não digite por cima.
A5: A conta | B5: Resultado = (A) horas poupadas x R$100 + (B) receita gerada - (C) custo da solução. Vale o que foi realizado e validado até 30 dias após a entrega. Impacto potencial não entra.
A6: A ordem que não dá pra inverter
A7: 1 | B7: Aba Baseline: escreva quanto tempo o processo leva HOJE, antes de mexer em qualquer coisa.
A8: 2 | B8: Mostre pro gestor e peça a confirmação POR ESCRITO (mensagem no Slack serve). Preencha na Baseline quem confirmou, quando e onde está a mensagem. Sem isso o (A) não é aceito.
A9: 3 | B9: Construa e entre no ar.
A10: 4 | B10: Aba Medicao: meça de novo ao entrar no ar (1ª medição) e 30 dias depois (2ª medição).
A11: 5 | B11: Aba Custos: anote o gasto do período, com a fonte de cada valor.
A12: 6 | B12: Aba Resultado: a conta fecha sozinha.
A13: Onde achar os números no banco (Supabase, SQL Editor)
A14: Tickets no período | B14: select count(*) from tickets where origem = 'motor' and recebido_em >= '2026-10-14' and recebido_em < '2026-11-15'; (ajuste as datas do período medido)
A15: Uso humano do app | B15: select * from v_uso_diario order by dia; (ações, pessoas e tickets tratados por dia)
A16: Tickets decididos sozinhos pela IA | B16: select status_ia, count(*) from tickets where origem = 'motor' and recebido_em >= '2026-10-14' and recebido_em < '2026-11-15' group by 1;
A17: Minutos por ticket (depois) | B17: Meça de verdade: cronometre uma amostra de tickets tratados na página e use a média, contando zero minuto para os que a IA decidiu sozinha. Anote o tamanho da amostra na coluna de fonte.
A18: Aba Exemplo | B18: Números INVENTADOS, só pra mostrar o formato da conta. Troque pelos seus nas outras abas.

Sheet Baseline
A1: Baseline: o processo ANTES (confirmar com o gestor por escrito)
A3: Processo
A4: Quem faz
A5: Tickets por semana (antes)
A6: Minutos por ticket (antes)
A7: Como o número foi medido (fonte)
A8: Gestor que confirmou
A9: Data da confirmação
A10: Onde está a confirmação por escrito
A12: Horas por semana (antes) | B12: =IF(OR(B5="",B6=""),"",B5*B6/60)
A13: Confirmação por escrito registrada? | B13: =IF(AND(B8<>"",B9<>"",B10<>""),"Sim","NÃO: sem isso o (A) não é aceito") -> NÃO: sem isso o (A) não é aceito
A15: Exemplo de preenchimento (não é dado real):
A16: Processo: tratar ticket de ressarcimento nas planilhas | Quem faz: analista do Marketplace | Tickets por semana: 12 | Minutos por ticket: 18 | Fonte: cronometrei 10 tickets em 09/10 | Gestor: nome | Data: 09/10/2026 | Confirmação: link da mensagem no Slack

Sheet Medicao
A1: Medição: o processo DEPOIS (períodos sem sobreposição)
A3: Medição | B3: Início | C3: Fim | D3: Tickets no período | E3: Minutos por ticket (depois) | F3: Horas antes | G3: Horas depois | H3: Horas poupadas | I3: Fonte e premissas
A4: 1ª medição (ao entrar no ar) | F4: =IF(OR(D4="",Baseline!$B$6=""),0,D4*Baseline!$B$6/60) -> 0 | G4: =IF(OR(D4="",E4=""),0,D4*E4/60) -> 0 | H4: =IF(OR(D4="",E4="",Baseline!$B$6=""),0,F4-G4) -> 0
A5: 2ª medição (30 dias depois) | F5: =IF(OR(D5="",Baseline!$B$6=""),0,D5*Baseline!$B$6/60) -> 0 | G5: =IF(OR(D5="",E5=""),0,D5*E5/60) -> 0 | H5: =IF(OR(D5="",E5="",Baseline!$B$6=""),0,F5-G5) -> 0
A6: Período extra 1 | F6: =IF(OR(D6="",Baseline!$B$6=""),0,D6*Baseline!$B$6/60) -> 0 | G6: =IF(OR(D6="",E6=""),0,D6*E6/60) -> 0 | H6: =IF(OR(D6="",E6="",Baseline!$B$6=""),0,F6-G6) -> 0
A7: Período extra 2 | F7: =IF(OR(D7="",Baseline!$B$6=""),0,D7*Baseline!$B$6/60) -> 0 | G7: =IF(OR(D7="",E7=""),0,D7*E7/60) -> 0 | H7: =IF(OR(D7="",E7="",Baseline!$B$6=""),0,F7-G7) -> 0
A8: Total | D8: =SUM(D4:D7) -> 0 | F8: =SUM(F4:F7) -> 0 | G8: =SUM(G4:G7) -> 0 | H8: =SUM(H4:H7) -> 0
A10: Horas antes = tickets do período x minutos por ticket da Baseline. Horas depois = tickets do período x minutos medidos agora. Horas poupadas = antes - depois.

Sheet Custos
A1: Custos: (C) o que a solução gastou no período
A3: Item | B3: Valor no período (R$) | C3: Fonte
A4: Supabase (plano)
A5: Databricks: SQL Warehouse
A6: Databricks: tokens do modelo (Gemini)
A7: n8n (custo adicional, se houver)
A8: Hospedagem (Buser Hub)
A9: Outros
A10: Total (C) | B10: =SUM(B4:B9) -> 0
A12: Na dúvida se um custo entra, declare e explique a premissa na coluna Fonte. Conta sem (C) não fecha. Deixe em branco só o que de fato foi zero.

Sheet Resultado
A1: Resultado do desafio
A3: Valor da hora (R$), definido no regulamento | B3: 100
A4: Horas poupadas (total das medições) | B4: =Medicao!H8 -> 0
A5: (A) Redução de custo (R$) | B5: =B4*B3 -> 0
A6: (B) Receita gerada (R$), opcional | B6: 0
A7: (C) Custo da solução (R$) | B7: =Custos!B10 -> 0
A8: Resultado = A + B - C (R$) | B8: =B5+B6-B7 -> 0
A10: Baseline confirmada pelo gestor? | B10: =Baseline!B13 -> NÃO: sem isso o (A) não é aceito
A12: Só entra o que foi realizado e validado até 30 dias após a entrega. Impacto potencial não entra.

Sheet Exemplo
A1: Exemplo da conta: NÚMEROS INVENTADOS, só pra mostrar o formato
B3: Antes | C3: Depois
A4: Minutos por vez | B4: 40 | C4: 5
A5: Vezes por semana | B5: 3 | C5: 3
A6: Horas por semana | B6: =B4*B5/60 -> 2 | C6: =C4*C5/60 -> 0.25
A8: Horas poupadas por semana | B8: =B6-C6 -> 1.75
A9: Semanas medidas | B9: 4
A10: Horas poupadas no período | B10: =B8*B9 -> 7
A11: Valor da hora (R$) | B11: 100
A12: (A) Redução de custo (R$) | B12: =B10*B11 -> 700
A13: (C) Custo da solução (R$) | B13: 40
A14: Resultado (R$) | B14: =B12-B13 -> 660
